ref,line_index
"Peninei Halakhah, Giyur, Introduction 1",4
"Peninei Halakhah, Giyur, Introduction 2",5
"Peninei Halakhah, Giyur, Introduction 3",6
"Peninei Halakhah, Giyur, Introduction 4",7
"Peninei Halakhah, Giyur, Introduction 5",8
"Peninei Halakhah, Giyur, Introduction 6",9
"Peninei Halakhah, Giyur, Introduction 7",10
"Peninei Halakhah, Giyur 1:1:1",13
"Peninei Halakhah, Giyur 1:1:2",14
"Peninei Halakhah, Giyur 1:1:3",15
"Peninei Halakhah, Giyur 1:1:4",16
"Peninei Halakhah, Giyur 1:1:5",17
"Peninei Halakhah, Giyur 1:2:1",19
"Peninei Halakhah, Giyur 1:2:2",20
"Peninei Halakhah, Giyur 1:2:3",21
"Peninei Halakhah, Giyur 1:2:4",22
"Peninei Halakhah, Giyur 1:2:5",23
"Peninei Halakhah, Giyur 1:2:6",24
"Peninei Halakhah, Giyur 1:2:7",25
"Peninei Halakhah, Giyur 1:2:8",26
"Peninei Halakhah, Giyur 1:2:9",27
"Peninei Halakhah, Giyur 1:3:1",29
"Peninei Halakhah, Giyur 1:3:2",30
"Peninei Halakhah, Giyur 1:3:3",31
"Peninei Halakhah, Giyur 1:3:4",32
"Peninei Halakhah, Giyur 1:3:5",33
"Peninei Halakhah, Giyur 1:3:6",34
"Peninei Halakhah, Giyur 1:4:1",36
"Peninei Halakhah, Giyur 1:4:2",37
"Peninei Halakhah, Giyur 1:4:3",38
"Peninei Halakhah, Giyur 1:4:4",39
"Peninei Halakhah, Giyur 1:4:5",40
"Peninei Halakhah, Giyur 1:4:6",41
"Peninei Halakhah, Giyur 1:4:7",42
"Peninei Halakhah, Giyur 1:4:8",43
"Peninei Halakhah, Giyur 1:5:1",45
"Peninei Halakhah, Giyur 1:5:2",46
"Peninei Halakhah, Giyur 1:5:3",47
"Peninei Halakhah, Giyur 1:5:4",48
"Peninei Halakhah, Giyur 1:5:5",49
"Peninei Halakhah, Giyur 1:6:1",51
"Peninei Halakhah, Giyur 1:6:2",52
"Peninei Halakhah, Giyur 1:6:3",53
"Peninei Halakhah, Giyur 1:6:4",54
"Peninei Halakhah, Giyur 1:6:5",55
"Peninei Halakhah, Giyur 1:7:1",57
"Peninei Halakhah, Giyur 1:7:2",58
"Peninei Halakhah, Giyur 1:7:3",59
"Peninei Halakhah, Giyur 1:7:4",60
"Peninei Halakhah, Giyur 1:7:5",61
"Peninei Halakhah, Giyur 1:7:6",62
"Peninei Halakhah, Giyur 1:8:1",64
"Peninei Halakhah, Giyur 1:8:2",65
"Peninei Halakhah, Giyur 1:8:3",66
"Peninei Halakhah, Giyur 1:8:4",67
"Peninei Halakhah, Giyur 1:8:5",68
"Peninei Halakhah, Giyur 1:9:1",70
"Peninei Halakhah, Giyur 1:9:2",71
"Peninei Halakhah, Giyur 1:9:3",72
"Peninei Halakhah, Giyur 1:9:4",73
"Peninei Halakhah, Giyur 1:9:5",74
"Peninei Halakhah, Giyur 1:9:6",75
"Peninei Halakhah, Giyur 1:10:1",77
"Peninei Halakhah, Giyur 1:10:2",78
"Peninei Halakhah, Giyur 1:10:3",79
"Peninei Halakhah, Giyur 1:10:4",80
"Peninei Halakhah, Giyur 1:10:5",81
"Peninei Halakhah, Giyur 1:11:1",83
"Peninei Halakhah, Giyur 1:11:2",84
"Peninei Halakhah, Giyur 1:11:3",85
"Peninei Halakhah, Giyur 1:11:4",86
"Peninei Halakhah, Giyur 1:11:5",87
"Peninei Halakhah, Giyur 1:12:1",89
"Peninei Halakhah, Giyur 1:12:2",90
"Peninei Halakhah, Giyur 1:12:3",91
"Peninei Halakhah, Giyur 1:12:4",92
"Peninei Halakhah, Giyur 1:12:5",93
"Peninei Halakhah, Giyur 1:12:6",94
"Peninei Halakhah, Giyur 2:1:1",97
"Peninei Halakhah, Giyur 2:1:2",98
"Peninei Halakhah, Giyur 2:1:3",99
"Peninei Halakhah, Giyur 2:1:4",100
"Peninei Halakhah, Giyur 2:1:5",101
"Peninei Halakhah, Giyur 2:2:1",103
"Peninei Halakhah, Giyur 2:2:2",104
"Peninei Halakhah, Giyur 2:2:3",105
"Peninei Halakhah, Giyur 2:2:4",106
"Peninei Halakhah, Giyur 2:2:5",107
"Peninei Halakhah, Giyur 2:3:1",109
"Peninei Halakhah, Giyur 2:3:2",110
"Peninei Halakhah, Giyur 2:3:3",111
"Peninei Halakhah, Giyur 2:3:4",112
"Peninei Halakhah, Giyur 2:4:1",114
"Peninei Halakhah, Giyur 2:4:2",115
"Peninei Halakhah, Giyur 2:4:3",116
"Peninei Halakhah, Giyur 2:4:4",117
"Peninei Halakhah, Giyur 2:5:1",119
"Peninei Halakhah, Giyur 2:5:2",120
"Peninei Halakhah, Giyur 2:5:3",121
"Peninei Halakhah, Giyur 2:5:4",122
"Peninei Halakhah, Giyur 2:5:5",123
"Peninei Halakhah, Giyur 2:5:6",124
"Peninei Halakhah, Giyur 2:6:1",126
"Peninei Halakhah, Giyur 2:6:2",127
"Peninei Halakhah, Giyur 2:6:3",128
"Peninei Halakhah, Giyur 2:6:4",129
"Peninei Halakhah, Giyur 2:7:1",131
"Peninei Halakhah, Giyur 2:7:2",132
"Peninei Halakhah, Giyur 2:7:3",133
"Peninei Halakhah, Giyur 2:7:4",134
"Peninei Halakhah, Giyur 2:7:5",135
"Peninei Halakhah, Giyur 2:7:6",136
"Peninei Halakhah, Giyur 2:7:7",137
"Peninei Halakhah, Giyur 2:8:1",139
"Peninei Halakhah, Giyur 2:8:2",140
"Peninei Halakhah, Giyur 2:8:3",141
"Peninei Halakhah, Giyur 2:8:4",142
"Peninei Halakhah, Giyur 2:8:5",143
"Peninei Halakhah, Giyur 2:8:6",144
"Peninei Halakhah, Giyur 2:8:7",145
"Peninei Halakhah, Giyur 3:1:1",148
"Peninei Halakhah, Giyur 3:1:2",149
"Peninei Halakhah, Giyur 3:1:3",150
"Peninei Halakhah, Giyur 3:1:4",151
"Peninei Halakhah, Giyur 3:2:1",153
"Peninei Halakhah, Giyur 3:2:2",154
"Peninei Halakhah, Giyur 3:2:3",155
"Peninei Halakhah, Giyur 3:2:4",156
"Peninei Halakhah, Giyur 3:3:1",158
"Peninei Halakhah, Giyur 3:3:2",159
"Peninei Halakhah, Giyur 3:3:3",160
"Peninei Halakhah, Giyur 3:3:4",161
"Peninei Halakhah, Giyur 3:4:1",163
"Peninei Halakhah, Giyur 3:4:2",164
"Peninei Halakhah, Giyur 3:4:3",165
"Peninei Halakhah, Giyur 3:4:4",166
"Peninei Halakhah, Giyur 3:5:1",168
"Peninei Halakhah, Giyur 3:5:2",169
"Peninei Halakhah, Giyur 3:5:3",170
"Peninei Halakhah, Giyur 3:5:4",171
"Peninei Halakhah, Giyur 3:5:5",172
"Peninei Halakhah, Giyur 3:6:1",174
"Peninei Halakhah, Giyur 3:6:2",175
"Peninei Halakhah, Giyur 3:6:3",176
"Peninei Halakhah, Giyur 3:7:1",178
"Peninei Halakhah, Giyur 3:7:2",179
"Peninei Halakhah, Giyur 3:7:3",180
"Peninei Halakhah, Giyur 3:7:4",181
"Peninei Halakhah, Giyur 3:8:1",183
"Peninei Halakhah, Giyur 3:8:2",184
"Peninei Halakhah, Giyur 3:8:3",185
"Peninei Halakhah, Giyur 3:9:1",187
"Peninei Halakhah, Giyur 3:9:2",188
"Peninei Halakhah, Giyur 3:9:3",189
"Peninei Halakhah, Giyur 3:9:4",190
"Peninei Halakhah, Giyur 3:10:1",192
"Peninei Halakhah, Giyur 3:10:2",193
"Peninei Halakhah, Giyur 3:10:3",194
"Peninei Halakhah, Giyur 3:10:4",195
"Peninei Halakhah, Giyur 3:10:5",196
"Peninei Halakhah, Giyur 3:11:1",198
"Peninei Halakhah, Giyur 3:11:2",199
"Peninei Halakhah, Giyur 3:11:3",200
"Peninei Halakhah, Giyur 3:11:4",201
"Peninei Halakhah, Giyur 3:12:1",203
"Peninei Halakhah, Giyur 3:12:2",204
"Peninei Halakhah, Giyur 3:12:3",205
"Peninei Halakhah, Giyur 3:13:1",207
"Peninei Halakhah, Giyur 3:13:2",208
"Peninei Halakhah, Giyur 3:13:3",209
"Peninei Halakhah, Giyur 3:13:4",210
"Peninei Halakhah, Giyur 3:13:5",211
"Peninei Halakhah, Giyur 3:14:1",213
"Peninei Halakhah, Giyur 3:14:2",214
"Peninei Halakhah, Giyur 3:14:3",215
"Peninei Halakhah, Giyur 3:14:4",216
"Peninei Halakhah, Giyur 3:14:5",217
"Peninei Halakhah, Giyur 3:14:6",218
"Peninei Halakhah, Giyur 3:14:7",219
"Peninei Halakhah, Giyur 3:15:1",221
"Peninei Halakhah, Giyur 3:15:2",222
"Peninei Halakhah, Giyur 3:15:3",223
"Peninei Halakhah, Giyur 3:15:4",224
"Peninei Halakhah, Giyur 3:15:5",225
"Peninei Halakhah, Giyur 3:15:6",226
"Peninei Halakhah, Giyur 3:15:7",227
"Peninei Halakhah, Giyur 3:15:8",228
"Peninei Halakhah, Giyur 3:16:1",230
"Peninei Halakhah, Giyur 3:16:2",231
"Peninei Halakhah, Giyur 3:16:3",232
"Peninei Halakhah, Giyur 3:16:4",233
"Peninei Halakhah, Giyur 3:16:5",234
"Peninei Halakhah, Giyur 3:16:6",235
"Peninei Halakhah, Giyur 3:16:7",236
"Peninei Halakhah, Giyur 3:17:1",238
"Peninei Halakhah, Giyur 3:17:2",239
"Peninei Halakhah, Giyur 3:17:3",240
"Peninei Halakhah, Giyur 3:17:4",241
"Peninei Halakhah, Giyur 3:18:1",243
"Peninei Halakhah, Giyur 3:18:2",244
"Peninei Halakhah, Giyur 3:18:3",245
"Peninei Halakhah, Giyur 3:18:4",246
"Peninei Halakhah, Giyur 3:19:1",248
"Peninei Halakhah, Giyur 3:19:2",249
"Peninei Halakhah, Giyur 3:19:3",250
"Peninei Halakhah, Giyur 3:19:4",251
"Peninei Halakhah, Giyur 3:19:5",252
"Peninei Halakhah, Giyur 3:19:6",253
"Peninei Halakhah, Giyur 3:19:7",254
"Peninei Halakhah, Giyur 3:20:1",256
"Peninei Halakhah, Giyur 3:20:2",257
"Peninei Halakhah, Giyur 3:20:3",258
"Peninei Halakhah, Giyur 3:20:4",259
"Peninei Halakhah, Giyur 3:20:5",260
"Peninei Halakhah, Giyur 3:20:6",261
"Peninei Halakhah, Giyur 3:21:1",263
"Peninei Halakhah, Giyur 3:21:2",264
"Peninei Halakhah, Giyur 3:21:3",265
"Peninei Halakhah, Giyur 3:22:1",267
"Peninei Halakhah, Giyur 3:22:2",268
"Peninei Halakhah, Giyur 3:22:3",269
"Peninei Halakhah, Giyur 3:22:4",270
"Peninei Halakhah, Giyur 4:1:1",273
"Peninei Halakhah, Giyur 4:1:2",274
"Peninei Halakhah, Giyur 4:1:3",275
"Peninei Halakhah, Giyur 4:2:1",277
"Peninei Halakhah, Giyur 4:2:2",278
"Peninei Halakhah, Giyur 4:2:3",279
"Peninei Halakhah, Giyur 4:3:1",281
"Peninei Halakhah, Giyur 4:3:2",282
"Peninei Halakhah, Giyur 4:3:3",283
"Peninei Halakhah, Giyur 4:3:4",284
"Peninei Halakhah, Giyur 4:4:1",286
"Peninei Halakhah, Giyur 4:4:2",287
"Peninei Halakhah, Giyur 4:4:3",288
"Peninei Halakhah, Giyur 4:4:4",289
"Peninei Halakhah, Giyur 4:5:1",291
"Peninei Halakhah, Giyur 4:5:2",292
"Peninei Halakhah, Giyur 4:5:3",293
"Peninei Halakhah, Giyur 4:5:4",294
"Peninei Halakhah, Giyur 4:5:5",295
"Peninei Halakhah, Giyur 4:5:6",296
"Peninei Halakhah, Giyur 4:6:1",298
"Peninei Halakhah, Giyur 4:6:2",299
"Peninei Halakhah, Giyur 4:6:3",300
"Peninei Halakhah, Giyur 4:6:4",301
"Peninei Halakhah, Giyur 4:6:5",302
"Peninei Halakhah, Giyur 4:6:6",303
"Peninei Halakhah, Giyur 4:6:7",304
"Peninei Halakhah, Giyur 4:7:1",306
"Peninei Halakhah, Giyur 4:7:2",307
"Peninei Halakhah, Giyur 4:7:3",308
"Peninei Halakhah, Giyur 4:7:4",309
"Peninei Halakhah, Giyur 4:8:1",311
"Peninei Halakhah, Giyur 4:8:2",312
"Peninei Halakhah, Giyur 4:8:3",313
"Peninei Halakhah, Giyur 4:8:4",314
"Peninei Halakhah, Giyur 4:8:5",315
"Peninei Halakhah, Giyur 4:9:1",317
"Peninei Halakhah, Giyur 4:9:2",318
"Peninei Halakhah, Giyur 4:9:3",319
"Peninei Halakhah, Giyur 4:9:4",320
"Peninei Halakhah, Giyur 5:1:1",323
"Peninei Halakhah, Giyur 5:1:2",324
"Peninei Halakhah, Giyur 5:1:3",325
"Peninei Halakhah, Giyur 5:1:4",326
"Peninei Halakhah, Giyur 5:1:5",327
"Peninei Halakhah, Giyur 5:1:6",328
"Peninei Halakhah, Giyur 5:1:7",329
"Peninei Halakhah, Giyur 5:2:1",331
"Peninei Halakhah, Giyur 5:2:2",332
"Peninei Halakhah, Giyur 5:2:3",333
"Peninei Halakhah, Giyur 5:2:4",334
"Peninei Halakhah, Giyur 5:2:5",335
"Peninei Halakhah, Giyur 5:2:6",336
"Peninei Halakhah, Giyur 5:3:1",338
"Peninei Halakhah, Giyur 5:3:2",339
"Peninei Halakhah, Giyur 5:3:3",340
"Peninei Halakhah, Giyur 5:4:1",342
"Peninei Halakhah, Giyur 5:4:2",343
"Peninei Halakhah, Giyur 5:4:3",344
"Peninei Halakhah, Giyur 5:4:4",345
"Peninei Halakhah, Giyur 5:4:5",346
"Peninei Halakhah, Giyur 5:4:6",347
"Peninei Halakhah, Giyur 5:4:7",348
"Peninei Halakhah, Giyur 5:5:1",350
"Peninei Halakhah, Giyur 5:5:2",351
"Peninei Halakhah, Giyur 5:5:3",352
"Peninei Halakhah, Giyur 5:5:4",353
"Peninei Halakhah, Giyur 5:5:5",354
"Peninei Halakhah, Giyur 5:5:6",355
"Peninei Halakhah, Giyur 5:5:7",356
"Peninei Halakhah, Giyur 5:6:1",358
"Peninei Halakhah, Giyur 5:6:2",359
"Peninei Halakhah, Giyur 5:6:3",360
"Peninei Halakhah, Giyur 5:6:4",361
"Peninei Halakhah, Giyur 5:6:5",362
"Peninei Halakhah, Giyur 5:7:1",364
"Peninei Halakhah, Giyur 5:7:2",365
"Peninei Halakhah, Giyur 5:7:3",366
"Peninei Halakhah, Giyur 5:7:4",367
"Peninei Halakhah, Giyur 5:7:5",368
"Peninei Halakhah, Giyur 5:7:6",369
"Peninei Halakhah, Giyur 5:7:7",370
"Peninei Halakhah, Giyur 5:7:8",371
"Peninei Halakhah, Giyur 5:8:1",373
"Peninei Halakhah, Giyur 5:8:2",374
"Peninei Halakhah, Giyur 5:8:3",375
"Peninei Halakhah, Giyur 5:8:4",376
"Peninei Halakhah, Giyur 5:8:5",377
"Peninei Halakhah, Giyur 5:9:1",379
"Peninei Halakhah, Giyur 5:9:2",380
"Peninei Halakhah, Giyur 5:9:3",381
"Peninei Halakhah, Giyur 5:9:4",382
"Peninei Halakhah, Giyur 5:9:5",383
"Peninei Halakhah, Giyur 5:10:1",385
"Peninei Halakhah, Giyur 5:10:2",386
"Peninei Halakhah, Giyur 5:10:3",387
"Peninei Halakhah, Giyur 5:10:4",388
"Peninei Halakhah, Giyur 5:10:5",389
"Peninei Halakhah, Giyur 5:11:1",391
"Peninei Halakhah, Giyur 5:11:2",392
"Peninei Halakhah, Giyur 5:11:3",393
"Peninei Halakhah, Giyur 5:11:4",394
"Peninei Halakhah, Giyur 5:11:5",395
"Peninei Halakhah, Giyur 5:12:1",397
"Peninei Halakhah, Giyur 5:12:2",398
"Peninei Halakhah, Giyur 5:12:3",399
"Peninei Halakhah, Giyur 5:12:4",400
"Peninei Halakhah, Giyur 5:12:5",401
"Peninei Halakhah, Giyur 5:12:6",402
"Peninei Halakhah, Giyur 5:13:1",404
"Peninei Halakhah, Giyur 5:13:2",405
"Peninei Halakhah, Giyur 5:13:3",406
"Peninei Halakhah, Giyur 5:13:4",407
"Peninei Halakhah, Giyur 5:14:1",409
"Peninei Halakhah, Giyur 5:14:2",410
"Peninei Halakhah, Giyur 5:14:3",411
"Peninei Halakhah, Giyur 5:14:4",412
"Peninei Halakhah, Giyur 5:14:5",413
"Peninei Halakhah, Giyur 6:1:1",416
"Peninei Halakhah, Giyur 6:1:2",417
"Peninei Halakhah, Giyur 6:1:3",418
"Peninei Halakhah, Giyur 6:1:4",419
"Peninei Halakhah, Giyur 6:2:1",421
"Peninei Halakhah, Giyur 6:2:2",422
"Peninei Halakhah, Giyur 6:2:3",423
"Peninei Halakhah, Giyur 6:2:4",424
"Peninei Halakhah, Giyur 6:3:1",426
"Peninei Halakhah, Giyur 6:3:2",427
"Peninei Halakhah, Giyur 6:3:3",428
"Peninei Halakhah, Giyur 6:3:4",429
"Peninei Halakhah, Giyur 6:4:1",431
"Peninei Halakhah, Giyur 6:4:2",432
"Peninei Halakhah, Giyur 6:4:3",433
"Peninei Halakhah, Giyur 6:4:4",434
"Peninei Halakhah, Giyur 6:4:5",435
"Peninei Halakhah, Giyur 6:4:6",436
"Peninei Halakhah, Giyur 6:5:1",438
"Peninei Halakhah, Giyur 6:5:2",439
"Peninei Halakhah, Giyur 6:5:3",440
"Peninei Halakhah, Giyur 6:5:4",441
"Peninei Halakhah, Giyur 6:6:1",443
"Peninei Halakhah, Giyur 6:6:2",444
"Peninei Halakhah, Giyur 6:6:3",445
"Peninei Halakhah, Giyur 6:6:4",446
"Peninei Halakhah, Giyur 6:6:5",447
"Peninei Halakhah, Giyur 6:7:1",449
"Peninei Halakhah, Giyur 6:7:2",450
"Peninei Halakhah, Giyur 6:7:3",451
"Peninei Halakhah, Giyur 6:7:4",452
"Peninei Halakhah, Giyur 7:1:1",455
"Peninei Halakhah, Giyur 7:1:2",456
"Peninei Halakhah, Giyur 7:1:3",457
"Peninei Halakhah, Giyur 7:1:4",458
"Peninei Halakhah, Giyur 7:1:5",459
"Peninei Halakhah, Giyur 7:1:6",460
"Peninei Halakhah, Giyur 7:2:1",462
"Peninei Halakhah, Giyur 7:2:2",463
"Peninei Halakhah, Giyur 7:2:3",464
"Peninei Halakhah, Giyur 7:2:4",465
"Peninei Halakhah, Giyur 7:2:5",466
"Peninei Halakhah, Giyur 7:2:6",467
"Peninei Halakhah, Giyur 7:3:1",469
"Peninei Halakhah, Giyur 7:3:2",470
"Peninei Halakhah, Giyur 7:3:3",471
"Peninei Halakhah, Giyur 7:4:1",473
"Peninei Halakhah, Giyur 7:4:2",474
"Peninei Halakhah, Giyur 7:4:3",475
"Peninei Halakhah, Giyur 7:4:4",476
"Peninei Halakhah, Giyur 7:4:5",477
"Peninei Halakhah, Giyur 7:4:6",478
"Peninei Halakhah, Giyur 7:5:1",480
"Peninei Halakhah, Giyur 7:5:2",481
"Peninei Halakhah, Giyur 7:5:3",482
"Peninei Halakhah, Giyur 7:5:4",483
"Peninei Halakhah, Giyur 7:6:1",485
"Peninei Halakhah, Giyur 7:6:2",486
"Peninei Halakhah, Giyur 7:6:3",487
"Peninei Halakhah, Giyur 7:6:4",488
"Peninei Halakhah, Giyur 7:6:5",489
"Peninei Halakhah, Giyur 7:7:1",491
"Peninei Halakhah, Giyur 7:7:2",492
"Peninei Halakhah, Giyur 7:7:3",493
"Peninei Halakhah, Giyur 7:7:4",494
"Peninei Halakhah, Giyur 7:7:5",495
"Peninei Halakhah, Giyur 8:1:1",498
"Peninei Halakhah, Giyur 8:2:1",500
"Peninei Halakhah, Giyur 8:2:2",501
"Peninei Halakhah, Giyur 8:3:1",503
"Peninei Halakhah, Giyur 8:3:2",504
"Peninei Halakhah, Giyur 8:3:3",505
"Peninei Halakhah, Giyur 8:3:4",506
"Peninei Halakhah, Giyur 8:3:5",507
"Peninei Halakhah, Giyur 8:4:1",509
"Peninei Halakhah, Giyur 8:4:2",510
"Peninei Halakhah, Giyur 8:5:1",512
"Peninei Halakhah, Giyur 8:5:2",513
"Peninei Halakhah, Giyur 8:5:3",514
"Peninei Halakhah, Giyur 8:5:4",515
"Peninei Halakhah, Giyur 8:5:5",516
"Peninei Halakhah, Giyur 8:6:1",518
"Peninei Halakhah, Giyur 8:6:2",519
"Peninei Halakhah, Giyur 8:6:3",520
"Peninei Halakhah, Giyur 8:6:4",521
"Peninei Halakhah, Giyur 8:6:5",522
"Peninei Halakhah, Giyur 8:7:1",524
"Peninei Halakhah, Giyur 8:7:2",525
"Peninei Halakhah, Giyur 8:7:3",526
"Peninei Halakhah, Giyur 8:7:4",527
"Peninei Halakhah, Giyur 8:7:5",528
"Peninei Halakhah, Giyur 8:8:1",530
"Peninei Halakhah, Giyur 8:8:2",531
"Peninei Halakhah, Giyur 8:8:3",532
"Peninei Halakhah, Giyur 8:8:4",533
"Peninei Halakhah, Giyur 8:9:1",535
"Peninei Halakhah, Giyur 8:9:2",536
"Peninei Halakhah, Giyur 8:9:3",537
"Peninei Halakhah, Giyur 8:10:1",539
"Peninei Halakhah, Giyur 8:10:2",540
"Peninei Halakhah, Giyur 8:10:3",541
"Peninei Halakhah, Giyur 8:11:1",543
"Peninei Halakhah, Giyur 8:11:2",544
"Peninei Halakhah, Giyur 8:11:3",545
"Peninei Halakhah, Giyur 8:12:1",547
"Peninei Halakhah, Giyur 8:12:2",548
"Peninei Halakhah, Giyur 8:12:3",549
"Peninei Halakhah, Giyur 9:1:1",552
"Peninei Halakhah, Giyur 9:2:1",554
"Peninei Halakhah, Giyur 9:2:2",555
"Peninei Halakhah, Giyur 9:2:3",556
"Peninei Halakhah, Giyur 9:2:4",557
"Peninei Halakhah, Giyur 9:3:1",559
"Peninei Halakhah, Giyur 9:3:2",560
"Peninei Halakhah, Giyur 9:3:3",561
"Peninei Halakhah, Giyur 9:3:4",562
"Peninei Halakhah, Giyur 9:3:5",563
"Peninei Halakhah, Giyur 9:4:1",565
"Peninei Halakhah, Giyur 9:4:2",566
"Peninei Halakhah, Giyur 9:4:3",567
"Peninei Halakhah, Giyur 9:4:4",568
"Peninei Halakhah, Giyur 9:4:5",569
"Peninei Halakhah, Giyur 9:4:6",570
"Peninei Halakhah, Giyur 9:4:7",571
"Peninei Halakhah, Giyur 9:5:1",573
"Peninei Halakhah, Giyur 9:5:2",574
"Peninei Halakhah, Giyur 9:5:3",575
"Peninei Halakhah, Giyur 9:5:4",576
"Peninei Halakhah, Giyur 9:6:1",578
"Peninei Halakhah, Giyur 9:6:2",579
"Peninei Halakhah, Giyur 9:6:3",580
"Peninei Halakhah, Giyur 9:6:4",581
"Peninei Halakhah, Giyur 9:6:5",582
"Peninei Halakhah, Giyur 9:6:6",583
"Peninei Halakhah, Giyur 9:7:1",585
"Peninei Halakhah, Giyur 9:7:2",586
"Peninei Halakhah, Giyur 9:7:3",587
"Peninei Halakhah, Giyur 9:7:4",588
"Peninei Halakhah, Giyur 9:8:1",590
"Peninei Halakhah, Giyur 9:8:2",591
"Peninei Halakhah, Giyur 9:8:3",592
"Peninei Halakhah, Giyur 9:8:4",593
"Peninei Halakhah, Giyur 9:8:5",594
"Peninei Halakhah, Giyur 9:8:6",595
"Peninei Halakhah, Giyur 9:8:7",596
"Peninei Halakhah, Giyur 9:9:1",598
"Peninei Halakhah, Giyur 9:9:2",599
"Peninei Halakhah, Giyur 9:9:3",600
"Peninei Halakhah, Giyur 9:9:4",601
"Peninei Halakhah, Giyur 9:9:5",602
"Peninei Halakhah, Giyur 9:10:1",604
"Peninei Halakhah, Giyur 9:10:2",605
"Peninei Halakhah, Giyur 9:10:3",606
"Peninei Halakhah, Giyur 9:10:4",607
